id,label,value,unit,source_document,url,quote,verified_on,confidence
ahv-iv-eo-rate-per-side,"AHV/IV/EO contribution, each side (employer and employee)",5.3,percent,"AHV/IV Merkblatt 2.06 Hausdienstarbeit, Stand 1. Januar 2026 (Ausgabe November 2025), Ziffer 6",https://www.ahv-iv.ch/p/2.06.d,"AHV/IV/EO 5,3 % 5,3 %",2026-08-05,verified
alv-rate-per-side,"ALV contribution, each side",1.1,percent,"AHV/IV Merkblatt 2.06 Hausdienstarbeit, Stand 1. Januar 2026, Ziffer 6",https://www.ahv-iv.ch/p/2.06.d,"Arbeitslosenversicherung (ALV), bis zu einem Einkommen von 148 200 Franken 1,1 % 1,1 %",2026-08-05,verified
alv-config-rate,"ALV contribution, each side (payroll config)",1.1,percent,"AHV/IV Merkblatt 2.06 Hausdienstarbeit, Stand 1. Januar 2026, Ziffer 6",https://www.ahv-iv.ch/p/2.06.d,"Arbeitslosenversicherung (ALV), bis zu einem Einkommen von 148 200 Franken 1,1 % 1,1 %",2026-08-05,verified
alv-ceiling,ALV maximum insured annual wage,148200,chf_per_year,"AHV/IV Merkblatt 2.06 Hausdienstarbeit, Stand 1. Januar 2026, Ziffer 6",https://www.ahv-iv.ch/p/2.06.d,"Arbeitslosenversicherung (ALV), bis zu einem Einkommen von 148 200 Franken",2026-08-05,verified
alv-solidarity-rate,ALV solidarity surcharge above the ceiling,0,percent,AVIG — the 1% ALV II solidarity surcharge was abolished on 1.1.2023,https://www.fedlex.admin.ch/eli/cc/1982/2184_2184_2184/de,,2026-07-03,carried
vav-max-wage-per-employee,Simplified procedure — maximum annual wage per employee,22680,chf_per_year,"AHV/IV Merkblatt 2.07 Vereinfachte Abrechnungsverfahren für Arbeitgebende, Stand 1. Januar 2026, Ziffer 2",https://www.ahv-iv.ch/p/2.07.d,der einzelne Lohn pro Arbeitnehmenden darf 22 680 Franken pro Jahr nicht übersteigen,2026-08-07,verified
vav-max-total-payroll,Simplified procedure — maximum total annual payroll of the household,60480,chf_per_year,"AHV/IV Merkblatt 2.07, Stand 1. Januar 2026, Ziffer 2",https://www.ahv-iv.ch/p/2.07.d,die gesamte Lohnsumme des Betriebes darf 60 480 Franken pro Jahr (doppelte maximale jährliche Altersrente der AHV) nicht übersteigen,2026-08-07,verified
quellensteuer-flat,Simplified procedure — flat withholding tax,5,percent,"AHV/IV Merkblatt 2.07, Stand 1. Januar 2026, Ziffer 5",https://www.ahv-iv.ch/p/2.07.d,"ziehen Sie die Quellensteuer von 5 % (0,5 % Direkte Bundessteuer, 4,5 % Kantons- und Gemeindesteuer) vom AHV-pflichtigen Lohn ab",2026-08-05,verified
nbu-weekly-hours-threshold,Weekly hours from which non-occupational accident cover (NBU) becomes mandatory,8,hours_per_week,"AHV/IV Merkblatt 2.06, Stand 1. Januar 2026, Ziffer 9",https://www.ahv-iv.ch/p/2.06.d,"Hausdienstarbeitnehmende, die mindestens acht Stunden pro Woche arbeiten, müssen zusätzlich gegen Nichtberufsunfälle versichert werden.",2026-08-05,verified
naturallohn-monthly,"Naturallohn — full board and lodging, per month",990,chf_per_month,"AHV/IV Merkblatt 2.06, Stand 1. Januar 2026, Ziffer 2",https://www.ahv-iv.ch/p/2.06.d,Volle Verpflegung und Unterkünfte CHF 33.00 CHF 990.–,2026-08-05,verified
naturallohn-per-day-total,"Naturallohn — full board and lodging, per day",33,chf_per_day,"AHV/IV Merkblatt 2.06, Stand 1. Januar 2026, Ziffer 2",https://www.ahv-iv.ch/p/2.06.d,Volle Verpflegung und Unterkünfte CHF 33.00,2026-08-05,verified
naturallohn-breakfast,"Naturallohn — breakfast, per day",3.5,chf_per_day,"AHV/IV Merkblatt 2.06, Stand 1. Januar 2026, Ziffer 2",https://www.ahv-iv.ch/p/2.06.d,Frühstück CHF 3.50 CHF 105.–,2026-08-05,verified
naturallohn-lunch,"Naturallohn — lunch, per day",10,chf_per_day,"AHV/IV Merkblatt 2.06, Stand 1. Januar 2026, Ziffer 2",https://www.ahv-iv.ch/p/2.06.d,Mittagessen CHF 10.00 CHF 300.–,2026-08-05,verified
naturallohn-dinner,"Naturallohn — dinner, per day",8,chf_per_day,"AHV/IV Merkblatt 2.06, Stand 1. Januar 2026, Ziffer 2",https://www.ahv-iv.ch/p/2.06.d,Abendessen CHF 8.00 CHF 240.–,2026-08-05,verified
naturallohn-lodging,"Naturallohn — lodging, per day",11.5,chf_per_day,"AHV/IV Merkblatt 2.06, Stand 1. Januar 2026, Ziffer 2",https://www.ahv-iv.ch/p/2.06.d,Unterkunft CHF 11.50 CHF 345.–,2026-08-05,verified
holiday-supplement-4-weeks,Holiday supplement on an hourly wage — 4 weeks,8.33,percent,"AHV/IV Merkblatt 2.06, Stand 1. Januar 2026, Ziffer 18",https://www.ahv-iv.ch/p/2.06.d,"Bei Stundenlohn wird der Ferienlohn als Zuschlag berechnet. Dieser beträgt 8,33 % des Bruttolohns (bei fünf Wochen Ferien 10,64 % und bei sechs Wochen Ferien 13,04 %).",2026-08-05,verified
holiday-supplement-5-weeks,Holiday supplement on an hourly wage — 5 weeks,10.64,percent,"AHV/IV Merkblatt 2.06, Stand 1. Januar 2026, Ziffer 18",https://www.ahv-iv.ch/p/2.06.d,"bei fünf Wochen Ferien 10,64 %",2026-08-05,verified
holiday-supplement-6-weeks,Holiday supplement on an hourly wage — 6 weeks,13.04,percent,"AHV/IV Merkblatt 2.06, Stand 1. Januar 2026, Ziffer 18",https://www.ahv-iv.ch/p/2.06.d,"bei sechs Wochen Ferien 13,04 %",2026-08-05,verified
bvg-entry-threshold,BVG entry threshold (Mindestjahreslohn),22680,chf_per_year,"BSV, «Beträge gültig ab dem 1. Januar 2026», Datum 06.11.2025 — Grenzbeträge für die obligatorische berufliche Vorsorge",https://www.bsv.admin.ch/dam/de/sd-web/sAgdISSXenMT/d_Betr%C3%A4ge%202026.pdf,Mindestjahreslohn 22'680 Fr.,2026-08-05,verified
bvg-coordination-deduction,BVG coordination deduction,26460,chf_per_year,"BSV, «Beträge gültig ab dem 1. Januar 2026»",https://www.bsv.admin.ch/dam/de/sd-web/sAgdISSXenMT/d_Betr%C3%A4ge%202026.pdf,Koordinationsabzug (Jahresbetrag) 26'460 Fr.,2026-08-05,verified
bvg-min-coordinated-salary,BVG minimum coordinated salary,3780,chf_per_year,"BSV, «Beträge gültig ab dem 1. Januar 2026»",https://www.bsv.admin.ch/dam/de/sd-web/sAgdISSXenMT/d_Betr%C3%A4ge%202026.pdf,minimaler koordinierter Lohn 3'780 Fr.,2026-08-05,verified
bvg-max-insurable-salary,BVG upper limit of the annual salary,90720,chf_per_year,"BSV, «Beträge gültig ab dem 1. Januar 2026»",https://www.bsv.admin.ch/dam/de/sd-web/sAgdISSXenMT/d_Betr%C3%A4ge%202026.pdf,obere Limite des Jahreslohns 90'720 Fr.,2026-08-05,verified
bvg-savings-min-age,BVG age from which savings contributions are owed,25,years,BVG Art. 7 Abs. 1 — 1. Januar nach vollendetem 24. Altersjahr,https://www.fedlex.admin.ch/eli/cc/1983/797_797_797/de,,2026-07-03,carried
bvg-config-min-age,BVG minimum age for savings contributions (payroll config),25,years,BVG Art. 7 Abs. 1 — 1. Januar nach vollendetem 24. Altersjahr,https://www.fedlex.admin.ch/eli/cc/1983/797_797_797/de,,2026-07-03,carried
bvg-savings-rate-25-34,BVG savings credit (Altersgutschrift) — age 25 to 34,7,percent_of_coordinated_salary,BVG Art. 16 / Anhang — Altersgutschriften,https://www.fedlex.admin.ch/eli/cc/1983/797_797_797/de,,2026-07-03,carried
bvg-savings-band-1-max-age,BVG savings band 1 — upper age,34,years,BVG Art. 16 / Anhang — Altersgutschriften,https://www.fedlex.admin.ch/eli/cc/1983/797_797_797/de,,2026-07-03,carried
bvg-savings-rate-35-44,BVG savings credit — age 35 to 44,10,percent_of_coordinated_salary,BVG Art. 16 / Anhang — Altersgutschriften,https://www.fedlex.admin.ch/eli/cc/1983/797_797_797/de,,2026-07-03,carried
bvg-savings-band-2-max-age,BVG savings band 2 — upper age,44,years,BVG Art. 16 / Anhang — Altersgutschriften,https://www.fedlex.admin.ch/eli/cc/1983/797_797_797/de,,2026-07-03,carried
bvg-savings-rate-45-54,BVG savings credit — age 45 to 54,15,percent_of_coordinated_salary,BVG Art. 16 / Anhang — Altersgutschriften,https://www.fedlex.admin.ch/eli/cc/1983/797_797_797/de,,2026-07-03,carried
bvg-savings-band-3-max-age,BVG savings band 3 — upper age,54,years,BVG Art. 16 / Anhang — Altersgutschriften,https://www.fedlex.admin.ch/eli/cc/1983/797_797_797/de,,2026-07-03,carried
bvg-savings-rate-55-plus,BVG savings credit — age 55 to reference age,18,percent_of_coordinated_salary,BVG Art. 16 / Anhang — Altersgutschriften,https://www.fedlex.admin.ch/eli/cc/1983/797_797_797/de,,2026-07-03,carried
vd-sub5h-experienced,Vaud CTT-EDom floor under 5 h/week — experienced (4 years) or AFP,21.85,chf_per_hour,"Arrêté établissant un contrat-type de travail pour le personnel des ménages privés (ACTT-mpr), BLV 222.105.1, du 18.01.2006, état 01.06.2024 (modif. du 15.05.2024), art. 20 al. 1",https://prestations.vd.ch/pub/blv-publication/api/actes/6c682915-61f9-495c-a4c8-550e4cc44f74/html,employé qualifié avec CFC (ou titre équivalent) Fr. 24.05/h - employé qualifié avec AFP Fr. 21.85/h - employé non qualifié avec au moins 4 ans d'expérience professionnelle dans la branche Fr. 21.85/h - employé non qualifié Fr. 19.95/h,2026-09-30,verified
vd-sub5h-cfc,Vaud CTT-EDom floor under 5 h/week — CFC,24.05,chf_per_hour,"Arrêté établissant un contrat-type de travail pour le personnel des ménages privés (ACTT-mpr), BLV 222.105.1, du 18.01.2006, état 01.06.2024 (modif. du 15.05.2024), art. 20 al. 1",https://prestations.vd.ch/pub/blv-publication/api/actes/6c682915-61f9-495c-a4c8-550e4cc44f74/html,employé qualifié avec CFC (ou titre équivalent) Fr. 24.05/h - employé qualifié avec AFP Fr. 21.85/h - employé non qualifié avec au moins 4 ans d'expérience professionnelle dans la branche Fr. 21.85/h - employé non qualifié Fr. 19.95/h,2026-09-30,verified
bvg-risk-min-age,BVG age from which risk cover starts,18,years,BVG Art. 2 Abs. 1 — 1. Januar nach vollendetem 17. Altersjahr,https://www.fedlex.admin.ch/eli/cc/1983/797_797_797/de,,2026-07-03,carried
anplus-entry-threshold,Auffangeinrichtung AN Plus — entry threshold (Geringfügigkeitsgrenze),2500,chf_per_year,"BSV, «Beträge gültig ab dem 1. Januar 2026»",https://www.bsv.admin.ch/dam/de/sd-web/sAgdISSXenMT/d_Betr%C3%A4ge%202026.pdf,Grenzbetrag für geringfügige Löhne bzw. Einkommen 2'500 Fr.,2026-08-05,verified
anplus-max-insurable-salary,Auffangeinrichtung AN Plus — upper insured limit,90720,chf_per_year,"BSV, «Beträge gültig ab dem 1. Januar 2026» (obere Limite des Jahreslohns), carried into Vorsorgeplan AN Plus 2026",https://www.bsv.admin.ch/dam/de/sd-web/sAgdISSXenMT/d_Betr%C3%A4ge%202026.pdf,obere Limite des Jahreslohns 90'720 Fr.,2026-08-05,verified
anplus-coordination-deduction,Auffangeinrichtung AN Plus — coordination deduction,0,chf_per_year,"Stiftung Auffangeinrichtung BVG, Vorsorgeplan AN Plus 2026 (verabschiedet 25.09.2025, gültig ab 1.1.2026)",https://www.aeis.ch,,2026-07-23,carried
nav-ungelernt,NAV Hauswirtschaft minimum wage — unskilled,20.35,chf_per_hour,"SECO, «Informationen zum NAV Hauswirtschaft» (Stand: 1. Januar 2026), Ziffer 2.3",https://www.seco.admin.ch/dam/de/sd-web/yauMAu-tmnY1/Informationen-NAV-Hauswirtschaft-SECO-2026-DE.pdf,Kat. «ungelernt» Fr. 20.35 pro Stunde,2026-08-05,verified
nav-erfahren,NAV Hauswirtschaft minimum wage — unskilled with 4+ years' experience,22.3,chf_per_hour,"SECO, «Informationen zum NAV Hauswirtschaft» (Stand: 1. Januar 2026), Ziffer 2.3",https://www.seco.admin.ch/dam/de/sd-web/yauMAu-tmnY1/Informationen-NAV-Hauswirtschaft-SECO-2026-DE.pdf,Kat. «ungelernt mit mindestens 4 Jahren Berufserfahrung in der Hauswirtschaft» Fr. 22.30 pro Stunde,2026-08-05,verified
nav-eba,NAV Hauswirtschaft minimum wage — skilled (EBA or 2-year basic training),22.3,chf_per_hour,"SECO, «Informationen zum NAV Hauswirtschaft» (Stand: 1. Januar 2026), Ziffer 2.3",https://www.seco.admin.ch/dam/de/sd-web/yauMAu-tmnY1/Informationen-NAV-Hauswirtschaft-SECO-2026-DE.pdf,Kat. «gelernt mit EBA oder 2-jähriger beruflicher Grundbildung» Fr. 22.30 pro Stunde,2026-08-05,verified
nav-fachausweis,NAV Hauswirtschaft minimum wage — skilled (EFZ or 3-year basic training),24.55,chf_per_hour,"SECO, «Informationen zum NAV Hauswirtschaft» (Stand: 1. Januar 2026), Ziffer 2.3",https://www.seco.admin.ch/dam/de/sd-web/yauMAu-tmnY1/Informationen-NAV-Hauswirtschaft-SECO-2026-DE.pdf,Kat. «gelernt mit EFZ oder 3-jähriger beruflicher Grundbildung» Fr. 24.55 pro Stunde,2026-08-05,verified
ahv-pensioner-freibetrag-annual,"AHV exemption for employees past reference age (Rentnerfreibetrag), annual",16800,chf_per_year,"AHV/IV Merkblatt 2.06, Stand 1. Januar 2026, Ziffer 5",https://www.ahv-iv.ch/p/2.06.d,"Sie können aber von einem Freibetrag von 16 800 Franken pro Jahr profitieren. AHV-, IV- und EO-Beiträge sind nur auf dem Einkommen zu zahlen, der diesen Freibetrag übersteigt.",2026-08-05,verified
ahv-pensioner-freibetrag-monthly,"AHV Rentnerfreibetrag, monthly",1400,chf_per_month,Derived from the annual figure in AHV/IV Merkblatt 2.06 Ziffer 5,https://www.ahv-iv.ch/p/2.06.d,Freibetrag von 16 800 Franken pro Jahr,2026-08-05,derived
ge-amat-total,"Geneva cantonal maternity insurance (AMat), total",0.058,percent,République et canton de Genève — assurance maternité cantonale,https://www.ge.ch,,2026-07-03,carried
uvg-bu-vavplus,"UVG occupational accident premium under VAVplus (Solida), employer-paid",0.505,percent,"CCVD, «Notice procédure simplifiée plus (LTN+)» éd. 01.2026, cross-checked against three other cantonal AKs quoting the same figures",https://www.caisseavsvaud.ch,,2026-07-24,carried
uvg-nbu-vavplus,"UVG non-occupational accident premium under VAVplus (Solida), employee-paid",1.432,percent,"CCVD, «Notice procédure simplifiée plus (LTN+)» éd. 01.2026",https://www.caisseavsvaud.ch,,2026-07-24,carried
childcare-deduction-federal,"Federal childcare deduction (Kinderdrittbetreuung, DBST)",25800,chf_per_child_per_year,DBG Art. 33 Abs. 3 / ESTV,https://www.fedlex.admin.ch/eli/cc/1991/1184_1184_1184/de,,2026-07-02,carried
canton-min-wage-ge,Cantonal minimum wage — Geneva,24.59,chf_per_hour,"CTT-EDom rsGE J 1 50.03 art. 10 al. 1 (sans qualification), identical to the general cantonal minimum published by ge.ch",https://silgeneve.ch/legis/data/rsg_j1_50p03.htm,"sans qualification: 4 795,05 / 4 426,20 / 24,59",2026-09-20,verified
canton-min-wage-bs,Cantonal minimum wage — Basel-Stadt,22.2,chf_per_hour,Kanton Basel-Stadt — Mindestlohn,https://www.bs.ch/wsu/awa/arbeitsbeziehungen/loehne/mindestlohn,,2026-06-04,carried
canton-min-wage-ju,Cantonal minimum wage — Jura,21.4,chf_per_hour,République et Canton du Jura — salaires minimaux,https://www.jura.ch/fr/Autorites/Administration/DES/Economie-et-Emploi-SEE/Conditions-de-travail/Conditions-de-travail/Salaires-minimaux.html,,2026-07-17,carried
canton-min-wage-ne,Cantonal minimum wage — Neuchâtel,21.35,chf_per_hour,République et Canton de Neuchâtel — conditions salariales,https://www.ne.ch/themes/economie-et-emploi/conditions-de-travail/conditions-salariales,,2026-07-17,carried
canton-min-wage-ti,Cantonal minimum wage — Ticino,20,chf_per_hour,Repubblica e Cantone Ticino — salario minimo cantonale,https://www4.ti.ch/dfe/de/usml/salariominimo/salario-minimo-cantonale,,2026-07-17,carried
vd-sub5h-unqualified,Vaud CTT-EDom floor under 5 h/week — unqualified,19.95,chf_per_hour,"Arrêté établissant un contrat-type de travail pour le personnel des ménages privés (ACTT-mpr), BLV 222.105.1, du 18.01.2006, état 01.06.2024 (modif. du 15.05.2024), art. 20 al. 1",https://prestations.vd.ch/pub/blv-publication/api/actes/6c682915-61f9-495c-a4c8-550e4cc44f74/html,employé qualifié avec CFC (ou titre équivalent) Fr. 24.05/h - employé qualifié avec AFP Fr. 21.85/h - employé non qualifié avec au moins 4 ans d'expérience professionnelle dans la branche Fr. 21.85/h - employé non qualifié Fr. 19.95/h,2026-09-30,verified
vs-fak-employee-contribution,Valais - employee-side family-allowance contribution (0.171/0.131 conflict CLOSED 2026-09-07),0.131,percent,"Caisse de compensation du canton du Valais, Service des cotisations et de l'affiliation — written reply of 27.08.2026 to inquiry H5 of 07.08.2026, asked in francs on a named example (CHF 2'000/month: CHF 3.42 or CHF 2.62?)",https://www.civafvs.ch/fr/Employeur/Taux-de-cotisation/Taux-de-cotisation.html,"Vous trouverez sur notre site internet, sous [Taux de cotisation], les taux AF applicables pour l'annee 2026, soit un taux de contributions de 2,911 %, dont 0,131 % a la charge des salaries.",2026-09-07,verified
be-admin-fee-of-contributions,Bern — Verwaltungskostenbeitrag 5 % of the AHV/IV/EO contributions (tier 1; the schedule is tiered and tier 1 ENDS INSIDE the simplified procedure),5,percent_of_ahv_iv_eo_contributions,"Ausgleichskasse des Kantons Bern, Abteilung Beiträge und Zulagen — schriftliche Auskunft vom 6.8.2026 (E-Mail-Antwort auf unsere Anfrage), mit der eigenen Tarifliste «Tarife, Ansätze, Grenzbeträge» im Anhang und als publizierter PDF-Link",https://www.akbern.ch/Htdocs/Files/v/8fd4c74b5ce0b01cf91b96cc2166a002de86dd15cbf16a3ca9dd2637c1f2bb8b.pdf/doc_ag_tarife_ansatze_grenzbetrage_d.pdf?download=1,Verwaltungskostenbeiträge auf AHV/IV/EO-Beiträgen (seit 2017) — Beitragssumme / Prozentsatz: Bis CHF 5'000.00 = 5.0 %; CHF 5'001.00 – CHF 15'000.00 = 3.0 %; CHF 15'001.00 – CHF 65'000.00 = 1.7 %; CHF 65'001.00 – CHF 300'000.00 = 0.8 %; Ab CHF 301'000.00 = 0.6 %. Begleitend: «Die Höhe der Verwaltungskosten ist abhängig von der Höhe der AHV-Beiträge.»,2026-08-06,verified
ar-vavplus-status,"Appenzell Ausserrhoden — the UVG bundle is offered, and unlike the other five flips this one is on a published page, not only an e-mail",requires_action,status,"Sozialversicherungen Appenzell Ausserrhoden (Sovar), «Vereinfachte Abrechnung» — live page, read 2026-08-06 (HTTP 200). Corroborates the Kasse's written answer of 5.8.2026 17:01, whose German is not yet in the repo",https://www.sovar.ch/produkte/ahv-beitraege-ahv/vereinfachte-abrechnung/,"Vereinfachtes Abrechnungsverfahren plus mit Unfallversicherung. Seit 2025 können Arbeitgebende auch die Unfallversicherung direkt über die Ausgleichskasse abrechnen. Das ""vereinfachte Abrechnungsverfahren plus"" ist nur für private Arbeitgebende mit Hausdienstpersonal vorgesehen.",2026-08-06,verified
ow-admin-fee-of-contributions,"Obwalden — Verwaltungskostenbeitrag 3.4 % of the AHV/IV/EO contributions (tier 1, Lohnsumme bis CHF 100'000; the basis is the Merkblatt's own opening sentence)",3.4,percent_of_ahv_iv_eo_contributions,"«Merkblatt: Verwaltungskostenbeiträge», Ausgleichskasse / IV-Stelle Obwalden, Brünigstrasse 144, Postfach, 6061 Sarnen, headed «Verwaltungskostenbeiträge ab 2026». Rechtliche Grundlage im AHVG und im kantonalen Einführungsgesetz über die AHV; «vom Regierungsrat des Kantons Obwalden genehmigt». Supplied by the Kasse as a PDF attachment on 2026-08-07 and read in full here. A REAL PUBLISHED DOCUMENT, not only a written answer, so `url` is populated and re-fetchable (same handling as `be-admin-fee-of-contributions`, unlike `ai-`, `nw-`, `fr-` and `ur-`, where the e-mail is the whole record)",https://www.akow.ch/uploads/PDF-Formulare-Merkblaetter/AHV-Beitraege/Merkblatt-Verwaltungskosten-ab-2026.pdf,Verwaltungskostenbeiträge ab 2026: Die Verwaltungskostenbeiträge der Ausgleichskasse Obwalden bemessen sich in Prozenten der AHV/IV/EO-Beiträge. Die nachfolgenden Ansätze haben ihre rechtliche Grundlage im AHVG und im kantonalen Einführungsgesetz über die Alters-und Hinterlassenenversicherung. Sie werden vom Regierungsrat des Kantons Obwalden genehmigt. || Verwaltungskostenbeiträge der Arbeitgebe…,2026-08-07,verified
sick-pay-scale-zh,ZH — Lohnfortzahlung bei Krankheit (OR Art. 324a): which scale the canton's NAV/CTT imposes,zh-nav,sick_pay_scale_id,"Normalarbeitsvertrag für hauswirtschaftliche Arbeitnehmer (LS 821.12), vom 29. Mai 1991, Art. 11 Abs. 1 — zhlex Fassung 110 (Stand 1.7.2020)",https://www.zh.ch/de/politik-staat/gesetze-beschluesse/gesetzessammlung/zhlex-ls/erlass-821_12-1991_05_29-1991_07_01-110.html,"so hat ihm der Arbeitgeber, sofern das Arbeitsverhältnis für eine unbestimmte Zeit oder für mehr als drei Monate eingegangen worden ist und die Lohnzahlungspflicht nicht besonders geregelt ist, innerhalb von 12 Monaten während folgender Dauer den Bruttolohn zu bezahlen: a. Im 1. Dienstjahr für die Dauer von 3 Wochen, b. im zweiten Dienstjahr für die Dauer von 8 Wochen und c. in jedem folgenden Di…",2026-08-20,verified
sick-pay-scale-be,BE — Lohnfortzahlung bei Krankheit (OR Art. 324a): which scale the canton's NAV/CTT imposes,be-nav,sick_pay_scale_id,"Normalarbeitsvertrag für den Hausdienst (NAV Hausdienst), BSG 222.153.22, vom 25.04.2007, Stand 01.01.2020, Art. 31 Abs. 1 und 3",https://www.belex.sites.be.ch/app/de/texts_of_law/222.153.22,"Die Arbeitnehmenden haben Anspruch auf Lohnfortzahlung, sofern das Arbeitsverhältnis mehr als drei Monate gedauert hat oder für mehr als drei Monate eingegangen worden ist. […] Er beträgt a einen Monat im ersten und zweiten Dienstjahr, b zwei Monate vom dritten bis fünften Dienstjahr, c drei Monate vom sechsten bis zehnten Dienstjahr, d vier Monate ab dem elften Dienstjahr.",2026-08-20,verified
sick-pay-scale-lu,LU — Lohnfortzahlung bei Krankheit (OR Art. 324a): which scale the canton's NAV/CTT imposes,lu-nav,sick_pay_scale_id,"Normalarbeitsvertrag für das hauswirtschaftliche Arbeitsverhältnis, SRL Nr. 854, vom 10.11.2020, in Kraft seit 01.12.2020, § 21 Abs. 1",https://srl.lu.ch/app/de/texts_of_law/854,"hat sie ab Beginn des Arbeitsverhältnisses in folgendem Umfang Anspruch auf Lohnfortzahlung: a. nach Beendigung der Probezeit im 1. Dienstjahr während dreier Wochen, b. ab dem 2. Dienstjahr während eines Monats, c. ab dem 4. Dienstjahr während zweier Monate, d. ab dem 6. Dienstjahr während dreier Monate, e. ab dem 11. Dienstjahr während vier Monaten, f. ab dem 16. Dienstjahr während fünf Monaten,…",2026-08-20,verified
sick-pay-scale-ur,UR — Lohnfortzahlung bei Krankheit (OR Art. 324a): which scale the canton's NAV/CTT imposes,ur-nav,sick_pay_scale_id,"Reglement über den Normalarbeitsvertrag für hauswirtschaftliche Arbeitnehmer, RB 20.1311, vom 05.09.1988, Stand 01.01.2022, Art. 19 Abs. 2",https://rechtsbuch.ur.ch/app/de/texts_of_law/20.1311,Nach Beendigung der Probezeit im ersten Dienstjahr für drei Wochen und in jedem folgenden Dienstjahr für eine weitere Woche bis zur Höchstdauer von vier Monaten.,2026-08-20,verified
sick-pay-scale-sz,SZ — Lohnfortzahlung bei Krankheit (OR Art. 324a): which scale the canton's NAV/CTT imposes,zurich,sick_pay_scale_id,"Kantonaler Normalarbeitsvertrag für hauswirtschaftliche Arbeitnehmer, SRSZ 217.111, vom 20. August 2019 (in Kraft 1.1.2020), § 15 Abs. 2",https://www.sz.ch/public/upload/assets/3701/217_111.pdf,Die Lohnfortzahlungspflicht dauert: a) im ersten Dienstjahr 3 Wochen; b) im zweiten Dienstjahr 8 Wochen; c) pro weiteres Dienstjahr eine zusätzliche Woche.,2026-08-20,verified
sick-pay-scale-ow,OW — Lohnfortzahlung bei Krankheit (OR Art. 324a): which scale the canton's NAV/CTT imposes,ow-nav,sick_pay_scale_id,"Normalarbeitsvertrag für hauswirtschaftliche Arbeitnehmer, GDB 844.1, vom 18.12.1973, Stand 01.01.2011, Art. 20",http://gdb.ow.ch/app/de/texts_of_law/844.1,"so hat er im ersten Dienstjahr für einen Monat und für jedes weitere Dienstjahr zusätzlich eine Woche bis höchstens 12 Wochen Anspruch auf 100 Prozent des Barlohnes sowie Kost, Logis und Pflege (Art. 324a; Art. 328a OR).",2026-08-20,verified
sick-pay-scale-nw,NW — Lohnfortzahlung bei Krankheit (OR Art. 324a): which scale the canton's NAV/CTT imposes,bern,sick_pay_scale_id,"Kantonaler Normalarbeitsvertrag für Arbeitnehmerinnen und Arbeitnehmer in der Hauswirtschaft (NAV Hauswirtschaft), NG 223.1, vom 07.03.2023, in Kraft 01.04.2023, § 16 Abs. 1 und 2",https://gesetze.nw.ch/app/de/texts_of_law/223.1,"so hat sie Anspruch auf den darauf entfallenden Lohn, samt einer angemessenen Vergütung für ausfallenden Naturallohn: 1. im 1. Dienstjahr 3 Wochen 2. im 2. Dienstjahr 1 Monat 3. im 3. und 4. Dienstjahr 2 Monate 4. im 5. bis zum 9. Dienstjahr 3 Monate 5. im 10. bis zum 14. Dienstjahr 4 Monate 6. im 15. bis zum 19. Dienstjahr 5 Monate 7. ab 20. Dienstjahr 6 Monate [...] Die Lohnfortzahlung bei Arbe…",2026-09-23,verified
sick-pay-scale-gl,GL — Lohnfortzahlung bei Krankheit (OR Art. 324a): which scale the canton's NAV/CTT imposes,bern,sick_pay_scale_id,"Kantonaler Normalarbeitsvertrag Hauswirtschaft (NAV HW), GS VIII C/12/3, vom 12.12.2023, in Kraft 01.01.2024, Art. 14",https://gesetze.gl.ch/app/de/texts_of_law/VIII-C.12.3,"Die Lohnfortzahlung bei Arbeitsunfähigkeit ist unabhängig von der vereinbarten Dauer des Arbeitsvertrages ab Beginn des Arbeitsvertrages geschuldet. Im Übrigen gelten die Artikel 324a, 324b und 328a OR.",2026-08-20,verified
sick-pay-scale-zg,ZG — Lohnfortzahlung bei Krankheit (OR Art. 324a): which scale the canton's NAV/CTT imposes,zurich,sick_pay_scale_id,"Normalarbeitsvertrag Privathaushalt, BGS 831.521, vom 19.08.2025, in Kraft 01.09.2025, § 21 Abs. 1",https://bgs.zg.ch/app/de/texts_of_law/831.521,so hat sie nach Ablauf der Probezeit Anspruch auf 100 % des Bar- und Naturallohns: a) im 1. Dienstjahr: 3 Wochen b) im 2. Dienstjahr: 8 Wochen c) im 3. Dienstjahr: 9 Wochen d) im 4. Dienstjahr: 10 Wochen e) pro weiteres Dienstjahr: je eine zusätzliche Woche,2026-08-20,verified
sick-pay-scale-fr,FR — Lohnfortzahlung bei Krankheit (OR Art. 324a): which scale the canton's NAV/CTT imposes,fr-ctt,sick_pay_scale_id,"Ordonnance établissant un contrat-type de travail pour les travailleurs et travailleuses du service de maison, RSF 222.5.91, du 01.04.2025, en vigueur depuis le 01.05.2025, art. 14 al. 1",https://bdlf.fr.ch/app/fr/texts_of_law/222.5.91,"Si le travailleur ou la travailleuse est empêché-e de travailler au sens de l'article 324a CO, l'employeur ou l'employeuse est tenu-e de verser le salaire dans les limites suivantes: a) trois semaines au cours de la première année de service; b) un mois après une année de service; c) deux mois après deux ans de service; d) trois mois après cinq ans de service; e) un mois supplémentaire après chaq…",2026-08-20,verified
sick-pay-scale-so,SO — Lohnfortzahlung bei Krankheit (OR Art. 324a): which scale the canton's NAV/CTT imposes,so-nav,sick_pay_scale_id,"Normalarbeitsvertrag für Arbeitnehmer und Arbeitnehmerinnen in der Hauswirtschaft, BGS 821.321, vom 11.11.2019, in Kraft 01.02.2020, § 20 Abs. 1",https://bgs.so.ch/app/de/texts_of_law/821.321,hat der Arbeitnehmer oder die Arbeitnehmerin ab dem 1. Tag des Arbeitsverhältnisses in folgendem Umfang Anspruch auf Lohnfortzahlung: a) einen Monat im ersten und zweiten Dienstjahr; b) zwei Monate vom dritten bis vierten Dienstjahr; c) drei Monate vom fünften bis neunten Dienstjahr; d) vier Monate vom zehnten bis vierzehnten Dienstjahr; e) fünf Monate vom fünfzehnten bis neunzehnten Dienstjahr; …,2026-08-20,verified
sick-pay-scale-bs,BS — Lohnfortzahlung bei Krankheit (OR Art. 324a): which scale the canton's NAV/CTT imposes,bs-nav,sick_pay_scale_id,"Normalarbeitsvertrag für Arbeitnehmende im Haushalt einschliesslich der 24-Stunden-Betreuung im Kanton Basel-Stadt, SG 215.700, vom 25.08.2020, in Kraft 01.10.2020, § 39 Abs. 1-2",https://www.gesetzessammlung.bs.ch/app/de/texts_of_law/215.700,haben unter dem Vorbehalt von Regelungen über Versicherungsleistungen Anspruch auf Lohnfortzahlung in folgendem Umfang: a) im 1. Dienstjahr ein Monat; b) im 2. und 3. Dienstjahr zwei Monate; c) im 4. bis 10. Dienstjahr drei Monate; d) im 11. bis 15. Dienstjahr vier Monate; e) im 16. bis 20. Dienstjahr fünf Monate; f) ab dem 21. Dienstjahr sechs Monate. Die Lohnfortzahlung bei Arbeitsunfähigkeit i…,2026-08-20,verified
sick-pay-scale-bl,BL — Lohnfortzahlung bei Krankheit (OR Art. 324a): which scale the canton's NAV/CTT imposes,basel,sick_pay_scale_id,"Verordnung über den Normalarbeitsvertrag für Hauspersonal, SGS 212.34, vom 15.12.1998, Stand 01.01.2025, § 18 Abs. 1",https://bl.clex.ch/app/de/texts_of_law/212.34,"so hat es in folgendem Umfang Anspruch auf Lohnfortzahlung, Unterhalt und eventuelle Pflege, soweit nicht die Kranken- oder Unfallversicherung dafür aufkommt: a. in den ersten 3 Anstellungsmonaten insgesamt 1 Woche; b. danach im 1. Anstellungsjahr insgesamt 3 Wochen; c. im 2. und 3. Anstellungsjahr insgesamt je 2 Monate; d. im 4. bis 10. Anstellungsjahr insgesamt je 3 Monate; e. im 11. bis 15. An…",2026-08-20,verified
sick-pay-scale-sh,SH — Lohnfortzahlung bei Krankheit (OR Art. 324a): which scale the canton's NAV/CTT imposes,sh-nav,sick_pay_scale_id,"Normalarbeitsvertrag für hauswirtschaftliche Arbeitnehmende, SHR 221.216, vom 15.06.2021, in Kraft 01.07.2021, § 28 Abs. 1",https://rechtsbuch.sh.ch/app/de/texts_of_law/221.216,"so haben die Arbeitnehmenden, sofern das Arbeitsverhältnis für eine unbestimmte Zeit oder für mehr als drei Monate eingegangen worden ist und die Lohnzahlungspflicht nicht besonders geregelt ist, innerhalb von 12 Monaten in folgendem Umfang Anspruch auf Lohnfortzahlung: a) im 1. Dienstjahr für die Dauer eines Monates b) mit jedem zusätzlichen Dienstjahr zwei weitere Wochen bis höchstens vier Mona…",2026-08-20,verified
sick-pay-scale-ar,AR — Lohnfortzahlung bei Krankheit (OR Art. 324a): which scale the canton's NAV/CTT imposes,be-nav,sick_pay_scale_id,"Verordnung über den Normalarbeitsvertrag für hauswirtschaftliche Arbeitnehmer und Arbeitnehmerinnen, bGS 222.218, vom 16.09.2025, in Kraft 01.01.2026, Art. 18 Abs. 1",https://ar.clex.ch/app/de/texts_of_law/222.218,sofern das Arbeitsverhältnis mehr als drei Monate gedauert hat oder für mehr als drei Monate eingegangen ist. Der Anspruch auf Lohn beträgt: a) einen Monat im ersten und zweiten Dienstjahr; b) zwei Monate vom dritten bis fünften Dienstjahr; c) drei Monate vom sechsten bis zehnten Dienstjahr; d) vier Monate ab dem elften Dienstjahr.,2026-08-20,verified
sick-pay-scale-ai,AI — Lohnfortzahlung bei Krankheit (OR Art. 324a): which scale the canton's NAV/CTT imposes,ai-nav,sick_pay_scale_id,"Standeskommissionsbeschluss über den Normalarbeitsvertrag für hauswirtschaftliche Arbeitsverhältnisse (NAV HW), GS 821.002, vom 17.04.2018, in Kraft 01.05.2018, Art. 17 Abs. 1",https://ai.clex.ch/app/de/texts_of_law/821.002,Die Ansprüche der Arbeitnehmenden auf Lohnfortzahlung sowie auf Pflege und ärztliche Behandlung bei Hausgemeinschaft mit dem Arbeitgeber oder der Arbeitgeberin richten sich nach Art. 324a und Art. 328a OR. Sie haben Anspruch auf den vollen Lohn: a) während eines Monats im ersten und zweiten Dienstjahr; b) während zweier Monate im dritten und vierten Dienstjahr; c) während dreier Monate im fünften…,2026-08-20,verified
sick-pay-scale-sg,SG — Lohnfortzahlung bei Krankheit (OR Art. 324a): which scale the canton's NAV/CTT imposes,sg-nav,sick_pay_scale_id,"Normalarbeitsvertrag für hauswirtschaftliche Arbeitnehmerinnen und Arbeitnehmer, sGS 513.1, vom 25.02.1986, Fassung in Vollzug seit 01.07.2020, Art. 11 Abs. 1",https://www.gesetzessammlung.sg.ch/app/de/texts_of_law/513.1,so hat er nach beendeter Probezeit Anspruch auf Lohn für: a) einen Monat im ersten Dienstjahr; b) zwei Monate vom zweiten bis fünften Dienstjahr; c) drei Monate vom sechsten bis zehnten Dienstjahr; d) vier Monate ab elftem Dienstjahr.,2026-08-20,verified
sick-pay-scale-gr,GR — Lohnfortzahlung bei Krankheit (OR Art. 324a): which scale the canton's NAV/CTT imposes,bern,sick_pay_scale_id,"Normalarbeitsvertrag für das hauswirtschaftliche Arbeitsverhältnis, BR 535.200, vom 26.11.2019, in Kraft 01.01.2020, Art. 9",https://www.gr-lex.gr.ch/app/de/texts_of_law/535.200,Die Lohnfortzahlungspflicht bei Arbeitsverhinderung der Hausangestellten gilt ab dem ersten Tag des Arbeitsvertrags unabhängig von der vereinbarten Dauer des Arbeitsverhältnisses.,2026-08-20,verified
sick-pay-scale-ag,AG — Lohnfortzahlung bei Krankheit (OR Art. 324a): which scale the canton's NAV/CTT imposes,bern,sick_pay_scale_id,"Normalarbeitsvertrag für Hauspersonal (NAV Hauspersonal), SAR 963.375, vom 04.09.2019, in Kraft 01.01.2020, § 12 Abs. 1",https://gesetzessammlungen.ag.ch/app/de/texts_of_law/963.375,"und hat das Arbeitsverhältnis mehr als drei Monate gedauert oder wurde es für mehr als drei Monate eingegangen, haben Arbeitnehmende in folgendem Umfang Anspruch auf Lohnfortzahlung: a) im 1. Dienstjahr für 3 Wochen b) im 2. Dienstjahr für 1 Monat c) im 3. und 4. Dienstjahr für 2 Monate d) im 5. bis 9. Dienstjahr für 3 Monate e) im 10. bis 14. Dienstjahr für 4 Monate f) im 15. bis 19. Dienstjahr …",2026-08-20,verified
sick-pay-scale-tg,TG — Lohnfortzahlung bei Krankheit (OR Art. 324a): which scale the canton's NAV/CTT imposes,zurich,sick_pay_scale_id,"Verordnung des Regierungsrates über den Normalarbeitsvertrag für hauswirtschaftliche Arbeitsverhältnisse im Kanton Thurgau, RB 221.252, vom 06.07.1999, Stand 28.08.2010, § 13 Abs. 1",https://www.rechtsbuch.tg.ch/app/de/texts_of_law/221.252,haben sie Anspruch auf Fortzahlung des Bar- und Naturallohnes für folgende Zeit: 1. im ersten Dienstjahr für 3 Wochen; 2. im zweiten Dienstjahr für 8 Wochen; 3. in jedem folgenden Dienstjahr für eine weitere Woche mehr.,2026-08-20,verified
sick-pay-scale-ti,TI — Lohnfortzahlung bei Krankheit (OR Art. 324a): which scale the canton's NAV/CTT imposes,bern,sick_pay_scale_id,"Contratto normale di lavoro per il personale domestico (con integrazione delle norme inerenti all'assistenza 24 ore su 24), Ufficio cantonale di conciliazione, Bellinzona 21.05.2019 — testo completo aggiornato al 1° gennaio 2026 (FU 240/2025), art. 22c",https://www4.ti.ch/fileadmin/DFE/DE-USML/contratti/CONTRATTO_personale_domestico.pdf,La continuazione del versamento del salario in caso di incapacità lavorativa è dovuta a partire dall'inizio del contratto di lavoro indipendentemente dalla durata convenuta dello stesso. Per il resto valgono gli artt. 324a e 324b CO.,2026-08-20,verified
sick-pay-scale-vd,VD — Lohnfortzahlung bei Krankheit (OR Art. 324a): which scale the canton's NAV/CTT imposes,vd-ctt-lt20h,sick_pay_scale_id,"Arrêté établissant un contrat-type de travail pour le personnel des ménages privés (ACTT-mpr), BLV 222.105.1, du 18.01.2006, état 01.06.2024, art. 21 al. 1-3",https://www.lexfind.ch/tolv/239683/fr,"l'employeur lui verse le salaire pour un temps limité, y compris une indemnité équitable pour le salaire en nature perdu, dans la mesure où les rapports de travail ont duré plus de trois mois ou ont été conclus pour plus de trois mois. Lorsque l'employeur occupe un travailleur moins de vingt heures par semaine, il paie le salaire en fonction de la durée des rapports de travail, soit : - trois sem…",2026-08-20,verified
sick-pay-scale-vs,VS — Lohnfortzahlung bei Krankheit (OR Art. 324a): which scale the canton's NAV/CTT imposes,bern,sick_pay_scale_id,"Arrêté édictant un contrat-type de travail pour le personnel au service de l'économie domestique, RS/VS 221.602, du 14.04.2021, version en vigueur depuis le 01.01.2026, art. 17",https://lex.vs.ch/app/fr/texts_of_law/221.602,"L'employeur est tenu d'assurer, dans une assurance de son choix garantissant le libre passage en assurance individuelle, les travailleurs pour une indemnité journalière selon LAMal égale au moins au 80 pour cent du salaire durant au moins 720 jours dans une période de 900 jours consécutifs dans la mesure où le contrat liant les parties a duré ou a été conclu pour une durée supérieure à un mois. D…",2026-08-20,verified
sick-pay-scale-ne,NE — Lohnfortzahlung bei Krankheit (OR Art. 324a): which scale the canton's NAV/CTT imposes,ne-ctt,sick_pay_scale_id,"Arrêté relatif au contrat type de travail pour le service de maison et pour les jeunes travailleuses et travailleurs au pair, RSN 225.42, du 03.07.2023, en vigueur le 01.08.2023, art. 15",https://rsn.ne.ch/DATA/program/books/rsne/pdf/22542.pdf,"elle ou il a droit au cours de 12 mois : a) à la totalité du salaire pour un mois d'empêchement pendant la première année de service ; b) à la totalité du salaire pour 2 mois d'empêchement pendant la deuxième année de service ; c) dès la troisième année de service, à une durée plus longue fixée équitablement compte tenu de la durée des rapports de travail et des circonstances particulières.",2026-08-20,verified
sick-pay-scale-ge,GE — Lohnfortzahlung bei Krankheit (OR Art. 324a): which scale the canton's NAV/CTT imposes,bern,sick_pay_scale_id,"Contrat-type de travail avec salaires minimaux impératifs de l'économie domestique (CTT-EDom), rsGE J 1 50.03, du 13.12.2011, dernières modifications au 1er janvier 2026, art. 13",https://silgeneve.ch/legis/program/books/rsg/htm/rsg_j1_50p03.htm,"Maladie (art. 324a CO) 1 Le travailleur est assuré pour la perte de gain en cas de maladie. La couverture est de 80% du salaire pendant 720 jours dans une période de 900 jours. Les primes sont payées paritairement chaque mois, sauf accord écrit mettant la totalité des primes à la charge de l'employeur.",2026-08-20,verified
sick-pay-scale-ju,JU — Lohnfortzahlung bei Krankheit (OR Art. 324a): which scale the canton's NAV/CTT imposes,bern,sick_pay_scale_id,"Contrat-type de travail pour le personnel de l'économie domestique, RSJU 222.153.22, du 07.06.2022, en vigueur le 01.07.2022, art. 22 al. 2",https://rsju.jura.ch/fr/viewdocument.html?idn=20040&id=34272,"L'employeur affilie le travailleur engagé pour une durée contractuelle d'au moins trois mois à une assurance d'indemnité journalière ou veille à ce que cette assurance soit ajoutée à l'assurance-maladie. L'indemnité journalière est au moins égale à 80 % du salaire, durant au moins 720 jours dans une période de 900 jours consécutifs, avec un délai d'attente de 30 jours.",2026-08-20,verified
vd-sick-pay-scale-20h,VD — the art. 21 al. 3 table that applies from 20 h/week,vd-ctt-20h,sick_pay_scale_id,"Arrêté établissant un contrat-type de travail pour le personnel des ménages privés (ACTT-mpr), BLV 222.105.1, du 18.01.2006, état 01.06.2024, art. 21 al. 1-3",https://www.lexfind.ch/tolv/239683/fr,"Lorsque l'employeur occupe un travailleur au moins vingt heures par semaine, il paie le salaire en fonction de la durée des rapports de travail, soit : - trois semaines pendant la première année de service; - deux mois pendant la deuxième année de service; - trois mois de la troisième à la quatrième année de service; - quatre mois de la cinquième à la neuvième année de service; - cinq mois de la …",2026-08-20,verified
sick-pay-table-bern-bands,"Sick-pay table «bern» — bands (calendar days per 1-based service year; month = 30, week = 7)","[{""fromYear"":1,""days"":21},{""fromYear"":2,""days"":30},{""fromYear"":3,""days"":60},{""fromYear"":5,""days"":90},{""fromYear"":10,""days"":120},{""fromYear"":15,""days"":150},{""fromYear"":20,""days"":180}]",bands_from_year_days,"Normalarbeitsvertrag für Hauspersonal (NAV Hauspersonal), SAR 963.375, vom 04.09.2019, in Kraft 01.01.2020, § 12 Abs. 1",https://gesetzessammlungen.ag.ch/app/de/texts_of_law/963.375,"und hat das Arbeitsverhältnis mehr als drei Monate gedauert oder wurde es für mehr als drei Monate eingegangen, haben Arbeitnehmende in folgendem Umfang Anspruch auf Lohnfortzahlung: a) im 1. Dienstjahr für 3 Wochen b) im 2. Dienstjahr für 1 Monat c) im 3. und 4. Dienstjahr für 2 Monate d) im 5. bis 9. Dienstjahr für 3 Monate e) im 10. bis 14. Dienstjahr für 4 Monate f) im 15. bis 19. Dienstjahr …",2026-08-20,verified
sick-pay-table-basel-bands,"Sick-pay table «basel» — bands (calendar days per 1-based service year; month = 30, week = 7)","[{""fromYear"":1,""days"":21},{""fromYear"":2,""days"":60},{""fromYear"":4,""days"":90},{""fromYear"":11,""days"":120},{""fromYear"":16,""days"":150},{""fromYear"":21,""days"":180}]",bands_from_year_days,"Verordnung über den Normalarbeitsvertrag für Hauspersonal, SGS 212.34, vom 15.12.1998, Stand 01.01.2025, § 18 Abs. 1",https://bl.clex.ch/app/de/texts_of_law/212.34,"so hat es in folgendem Umfang Anspruch auf Lohnfortzahlung, Unterhalt und eventuelle Pflege, soweit nicht die Kranken- oder Unfallversicherung dafür aufkommt: a. in den ersten 3 Anstellungsmonaten insgesamt 1 Woche; b. danach im 1. Anstellungsjahr insgesamt 3 Wochen; c. im 2. und 3. Anstellungsjahr insgesamt je 2 Monate; d. im 4. bis 10. Anstellungsjahr insgesamt je 3 Monate; e. im 11. bis 15. An…",2026-08-20,verified
sick-pay-table-zurich-bands,"Sick-pay table «zurich» — bands (calendar days per 1-based service year; month = 30, week = 7)","[{""fromYear"":1,""days"":21}]",bands_from_year_days,"Verordnung des Regierungsrates über den Normalarbeitsvertrag für hauswirtschaftliche Arbeitsverhältnisse im Kanton Thurgau, RB 221.252, vom 06.07.1999, Stand 28.08.2010, § 13 Abs. 1",https://www.rechtsbuch.tg.ch/app/de/texts_of_law/221.252,haben sie Anspruch auf Fortzahlung des Bar- und Naturallohnes für folgende Zeit: 1. im ersten Dienstjahr für 3 Wochen; 2. im zweiten Dienstjahr für 8 Wochen; 3. in jedem folgenden Dienstjahr für eine weitere Woche mehr.,2026-08-20,verified
sick-pay-table-zurich-linear,"Sick-pay table «zurich» — linear (calendar days per 1-based service year; month = 30, week = 7)","{""fromYear"":2,""days"":56,""perStepDays"":7}",linear_growth_rule,"Verordnung des Regierungsrates über den Normalarbeitsvertrag für hauswirtschaftliche Arbeitsverhältnisse im Kanton Thurgau, RB 221.252, vom 06.07.1999, Stand 28.08.2010, § 13 Abs. 1",https://www.rechtsbuch.tg.ch/app/de/texts_of_law/221.252,haben sie Anspruch auf Fortzahlung des Bar- und Naturallohnes für folgende Zeit: 1. im ersten Dienstjahr für 3 Wochen; 2. im zweiten Dienstjahr für 8 Wochen; 3. in jedem folgenden Dienstjahr für eine weitere Woche mehr.,2026-08-20,verified
sick-pay-table-zh-nav-linear,"Sick-pay table «zh-nav» — linear (calendar days per 1-based service year; month = 30, week = 7)","{""fromYear"":2,""days"":56,""perStepDays"":7,""maxDays"":180}",linear_growth_rule,"Normalarbeitsvertrag für hauswirtschaftliche Arbeitnehmer (LS 821.12), vom 29. Mai 1991, Art. 11 Abs. 1 — zhlex Fassung 110 (Stand 1.7.2020)",https://www.zh.ch/de/politik-staat/gesetze-beschluesse/gesetzessammlung/zhlex-ls/erlass-821_12-1991_05_29-1991_07_01-110.html,"so hat ihm der Arbeitgeber, sofern das Arbeitsverhältnis für eine unbestimmte Zeit oder für mehr als drei Monate eingegangen worden ist und die Lohnzahlungspflicht nicht besonders geregelt ist, innerhalb von 12 Monaten während folgender Dauer den Bruttolohn zu bezahlen: a. Im 1. Dienstjahr für die Dauer von 3 Wochen, b. im zweiten Dienstjahr für die Dauer von 8 Wochen und c. in jedem folgenden Di…",2026-08-20,verified
sick-pay-table-bs-nav-bands,"Sick-pay table «bs-nav» — bands (calendar days per 1-based service year; month = 30, week = 7)","[{""fromYear"":1,""days"":30},{""fromYear"":2,""days"":60},{""fromYear"":4,""days"":90},{""fromYear"":11,""days"":120},{""fromYear"":16,""days"":150},{""fromYear"":21,""days"":180}]",bands_from_year_days,"Normalarbeitsvertrag für Arbeitnehmende im Haushalt einschliesslich der 24-Stunden-Betreuung im Kanton Basel-Stadt, SG 215.700, vom 25.08.2020, in Kraft 01.10.2020, § 39 Abs. 1-2",https://www.gesetzessammlung.bs.ch/app/de/texts_of_law/215.700,haben unter dem Vorbehalt von Regelungen über Versicherungsleistungen Anspruch auf Lohnfortzahlung in folgendem Umfang: a) im 1. Dienstjahr ein Monat; b) im 2. und 3. Dienstjahr zwei Monate; c) im 4. bis 10. Dienstjahr drei Monate; d) im 11. bis 15. Dienstjahr vier Monate; e) im 16. bis 20. Dienstjahr fünf Monate; f) ab dem 21. Dienstjahr sechs Monate. Die Lohnfortzahlung bei Arbeitsunfähigkeit i…,2026-08-20,verified
sick-pay-table-be-nav-bands,"Sick-pay table «be-nav» — bands (calendar days per 1-based service year; month = 30, week = 7)","[{""fromYear"":1,""days"":30},{""fromYear"":3,""days"":60},{""fromYear"":6,""days"":90},{""fromYear"":11,""days"":120}]",bands_from_year_days,"Normalarbeitsvertrag für den Hausdienst (NAV Hausdienst), BSG 222.153.22, vom 25.04.2007, Stand 01.01.2020, Art. 31 Abs. 1 und 3",https://www.belex.sites.be.ch/app/de/texts_of_law/222.153.22,"Die Arbeitnehmenden haben Anspruch auf Lohnfortzahlung, sofern das Arbeitsverhältnis mehr als drei Monate gedauert hat oder für mehr als drei Monate eingegangen worden ist. […] Er beträgt a einen Monat im ersten und zweiten Dienstjahr, b zwei Monate vom dritten bis fünften Dienstjahr, c drei Monate vom sechsten bis zehnten Dienstjahr, d vier Monate ab dem elften Dienstjahr.",2026-08-20,verified
sick-pay-table-sg-nav-bands,"Sick-pay table «sg-nav» — bands (calendar days per 1-based service year; month = 30, week = 7)","[{""fromYear"":1,""days"":30},{""fromYear"":2,""days"":60},{""fromYear"":6,""days"":90},{""fromYear"":11,""days"":120}]",bands_from_year_days,"Normalarbeitsvertrag für hauswirtschaftliche Arbeitnehmerinnen und Arbeitnehmer, sGS 513.1, vom 25.02.1986, Fassung in Vollzug seit 01.07.2020, Art. 11 Abs. 1",https://www.gesetzessammlung.sg.ch/app/de/texts_of_law/513.1,so hat er nach beendeter Probezeit Anspruch auf Lohn für: a) einen Monat im ersten Dienstjahr; b) zwei Monate vom zweiten bis fünften Dienstjahr; c) drei Monate vom sechsten bis zehnten Dienstjahr; d) vier Monate ab elftem Dienstjahr.,2026-08-20,verified
sick-pay-table-lu-nav-bands,"Sick-pay table «lu-nav» — bands (calendar days per 1-based service year; month = 30, week = 7)","[{""fromYear"":1,""days"":21},{""fromYear"":2,""days"":30},{""fromYear"":4,""days"":60},{""fromYear"":6,""days"":90},{""fromYear"":11,""days"":120},{""fromYear"":16,""days"":150},{""fromYear"":21,""days"":180}]",bands_from_year_days,"Normalarbeitsvertrag für das hauswirtschaftliche Arbeitsverhältnis, SRL Nr. 854, vom 10.11.2020, in Kraft seit 01.12.2020, § 21 Abs. 1",https://srl.lu.ch/app/de/texts_of_law/854,"hat sie ab Beginn des Arbeitsverhältnisses in folgendem Umfang Anspruch auf Lohnfortzahlung: a. nach Beendigung der Probezeit im 1. Dienstjahr während dreier Wochen, b. ab dem 2. Dienstjahr während eines Monats, c. ab dem 4. Dienstjahr während zweier Monate, d. ab dem 6. Dienstjahr während dreier Monate, e. ab dem 11. Dienstjahr während vier Monaten, f. ab dem 16. Dienstjahr während fünf Monaten,…",2026-08-20,verified
sick-pay-table-so-nav-bands,"Sick-pay table «so-nav» — bands (calendar days per 1-based service year; month = 30, week = 7)","[{""fromYear"":1,""days"":30},{""fromYear"":3,""days"":60},{""fromYear"":5,""days"":90},{""fromYear"":10,""days"":120},{""fromYear"":15,""days"":150},{""fromYear"":20,""days"":180}]",bands_from_year_days,"Normalarbeitsvertrag für Arbeitnehmer und Arbeitnehmerinnen in der Hauswirtschaft, BGS 821.321, vom 11.11.2019, in Kraft 01.02.2020, § 20 Abs. 1",https://bgs.so.ch/app/de/texts_of_law/821.321,hat der Arbeitnehmer oder die Arbeitnehmerin ab dem 1. Tag des Arbeitsverhältnisses in folgendem Umfang Anspruch auf Lohnfortzahlung: a) einen Monat im ersten und zweiten Dienstjahr; b) zwei Monate vom dritten bis vierten Dienstjahr; c) drei Monate vom fünften bis neunten Dienstjahr; d) vier Monate vom zehnten bis vierzehnten Dienstjahr; e) fünf Monate vom fünfzehnten bis neunzehnten Dienstjahr; …,2026-08-20,verified
sick-pay-table-ai-nav-bands,"Sick-pay table «ai-nav» — bands (calendar days per 1-based service year; month = 30, week = 7)","[{""fromYear"":1,""days"":30},{""fromYear"":3,""days"":60},{""fromYear"":5,""days"":90}]",bands_from_year_days,"Standeskommissionsbeschluss über den Normalarbeitsvertrag für hauswirtschaftliche Arbeitsverhältnisse (NAV HW), GS 821.002, vom 17.04.2018, in Kraft 01.05.2018, Art. 17 Abs. 1",https://ai.clex.ch/app/de/texts_of_law/821.002,Die Ansprüche der Arbeitnehmenden auf Lohnfortzahlung sowie auf Pflege und ärztliche Behandlung bei Hausgemeinschaft mit dem Arbeitgeber oder der Arbeitgeberin richten sich nach Art. 324a und Art. 328a OR. Sie haben Anspruch auf den vollen Lohn: a) während eines Monats im ersten und zweiten Dienstjahr; b) während zweier Monate im dritten und vierten Dienstjahr; c) während dreier Monate im fünften…,2026-08-20,verified
sick-pay-table-ai-nav-linear,"Sick-pay table «ai-nav» — linear (calendar days per 1-based service year; month = 30, week = 7)","{""fromYear"":10,""days"":120,""perStepDays"":30,""stepYears"":5}",linear_growth_rule,"Standeskommissionsbeschluss über den Normalarbeitsvertrag für hauswirtschaftliche Arbeitsverhältnisse (NAV HW), GS 821.002, vom 17.04.2018, in Kraft 01.05.2018, Art. 17 Abs. 1",https://ai.clex.ch/app/de/texts_of_law/821.002,Die Ansprüche der Arbeitnehmenden auf Lohnfortzahlung sowie auf Pflege und ärztliche Behandlung bei Hausgemeinschaft mit dem Arbeitgeber oder der Arbeitgeberin richten sich nach Art. 324a und Art. 328a OR. Sie haben Anspruch auf den vollen Lohn: a) während eines Monats im ersten und zweiten Dienstjahr; b) während zweier Monate im dritten und vierten Dienstjahr; c) während dreier Monate im fünften…,2026-08-20,verified
sick-pay-table-sh-nav-bands,"Sick-pay table «sh-nav» — bands (calendar days per 1-based service year; month = 30, week = 7)","[{""fromYear"":1,""days"":30}]",bands_from_year_days,"Normalarbeitsvertrag für hauswirtschaftliche Arbeitnehmende, SHR 221.216, vom 15.06.2021, in Kraft 01.07.2021, § 28 Abs. 1",https://rechtsbuch.sh.ch/app/de/texts_of_law/221.216,"so haben die Arbeitnehmenden, sofern das Arbeitsverhältnis für eine unbestimmte Zeit oder für mehr als drei Monate eingegangen worden ist und die Lohnzahlungspflicht nicht besonders geregelt ist, innerhalb von 12 Monaten in folgendem Umfang Anspruch auf Lohnfortzahlung: a) im 1. Dienstjahr für die Dauer eines Monates b) mit jedem zusätzlichen Dienstjahr zwei weitere Wochen bis höchstens vier Mona…",2026-08-20,verified
sick-pay-table-sh-nav-linear,"Sick-pay table «sh-nav» — linear (calendar days per 1-based service year; month = 30, week = 7)","{""fromYear"":2,""days"":44,""perStepDays"":14,""maxDays"":120}",linear_growth_rule,"Normalarbeitsvertrag für hauswirtschaftliche Arbeitnehmende, SHR 221.216, vom 15.06.2021, in Kraft 01.07.2021, § 28 Abs. 1",https://rechtsbuch.sh.ch/app/de/texts_of_law/221.216,"so haben die Arbeitnehmenden, sofern das Arbeitsverhältnis für eine unbestimmte Zeit oder für mehr als drei Monate eingegangen worden ist und die Lohnzahlungspflicht nicht besonders geregelt ist, innerhalb von 12 Monaten in folgendem Umfang Anspruch auf Lohnfortzahlung: a) im 1. Dienstjahr für die Dauer eines Monates b) mit jedem zusätzlichen Dienstjahr zwei weitere Wochen bis höchstens vier Mona…",2026-08-20,verified
sick-pay-table-ur-nav-linear,"Sick-pay table «ur-nav» — linear (calendar days per 1-based service year; month = 30, week = 7)","{""fromYear"":2,""days"":28,""perStepDays"":7,""maxDays"":120}",linear_growth_rule,"Reglement über den Normalarbeitsvertrag für hauswirtschaftliche Arbeitnehmer, RB 20.1311, vom 05.09.1988, Stand 01.01.2022, Art. 19 Abs. 2",https://rechtsbuch.ur.ch/app/de/texts_of_law/20.1311,Nach Beendigung der Probezeit im ersten Dienstjahr für drei Wochen und in jedem folgenden Dienstjahr für eine weitere Woche bis zur Höchstdauer von vier Monaten.,2026-08-20,verified
sick-pay-table-ow-nav-linear,"Sick-pay table «ow-nav» — linear (calendar days per 1-based service year; month = 30, week = 7)","{""fromYear"":2,""days"":37,""perStepDays"":7,""maxDays"":84}",linear_growth_rule,"Normalarbeitsvertrag für hauswirtschaftliche Arbeitnehmer, GDB 844.1, vom 18.12.1973, Stand 01.01.2011, Art. 20",http://gdb.ow.ch/app/de/texts_of_law/844.1,"so hat er im ersten Dienstjahr für einen Monat und für jedes weitere Dienstjahr zusätzlich eine Woche bis höchstens 12 Wochen Anspruch auf 100 Prozent des Barlohnes sowie Kost, Logis und Pflege (Art. 324a; Art. 328a OR).",2026-08-20,verified
sick-pay-table-vd-ctt-lt20h-bands,"Sick-pay table «vd-ctt-lt20h» — bands (calendar days per 1-based service year; month = 30, week = 7)","[{""fromYear"":1,""days"":21},{""fromYear"":2,""days"":30},{""fromYear"":3,""days"":60}]",bands_from_year_days,"Arrêté établissant un contrat-type de travail pour le personnel des ménages privés (ACTT-mpr), BLV 222.105.1, du 18.01.2006, état 01.06.2024, art. 21 al. 1-3",https://www.lexfind.ch/tolv/239683/fr,"l'employeur lui verse le salaire pour un temps limité, y compris une indemnité équitable pour le salaire en nature perdu, dans la mesure où les rapports de travail ont duré plus de trois mois ou ont été conclus pour plus de trois mois. Lorsque l'employeur occupe un travailleur moins de vingt heures par semaine, il paie le salaire en fonction de la durée des rapports de travail, soit : - trois sem…",2026-08-20,verified
sick-pay-table-vd-ctt-lt20h-linear,"Sick-pay table «vd-ctt-lt20h» — linear (calendar days per 1-based service year; month = 30, week = 7)","{""fromYear"":5,""days"":90,""perStepDays"":30,""stepYears"":5}",linear_growth_rule,"Arrêté établissant un contrat-type de travail pour le personnel des ménages privés (ACTT-mpr), BLV 222.105.1, du 18.01.2006, état 01.06.2024, art. 21 al. 1-3",https://www.lexfind.ch/tolv/239683/fr,"l'employeur lui verse le salaire pour un temps limité, y compris une indemnité équitable pour le salaire en nature perdu, dans la mesure où les rapports de travail ont duré plus de trois mois ou ont été conclus pour plus de trois mois. Lorsque l'employeur occupe un travailleur moins de vingt heures par semaine, il paie le salaire en fonction de la durée des rapports de travail, soit : - trois sem…",2026-08-20,verified
sick-pay-table-vd-ctt-20h-bands,"Sick-pay table «vd-ctt-20h» — bands (calendar days per 1-based service year; month = 30, week = 7)","[{""fromYear"":1,""days"":21},{""fromYear"":2,""days"":60},{""fromYear"":3,""days"":90}]",bands_from_year_days,"Arrêté établissant un contrat-type de travail pour le personnel des ménages privés (ACTT-mpr), BLV 222.105.1, du 18.01.2006, état 01.06.2024, art. 21 al. 1-3",https://www.lexfind.ch/tolv/239683/fr,"Lorsque l'employeur occupe un travailleur au moins vingt heures par semaine, il paie le salaire en fonction de la durée des rapports de travail, soit : - trois semaines pendant la première année de service; - deux mois pendant la deuxième année de service; - trois mois de la troisième à la quatrième année de service; - quatre mois de la cinquième à la neuvième année de service; - cinq mois de la …",2026-08-20,verified
sick-pay-table-vd-ctt-20h-linear,"Sick-pay table «vd-ctt-20h» — linear (calendar days per 1-based service year; month = 30, week = 7)","{""fromYear"":5,""days"":120,""perStepDays"":30,""stepYears"":5}",linear_growth_rule,"Arrêté établissant un contrat-type de travail pour le personnel des ménages privés (ACTT-mpr), BLV 222.105.1, du 18.01.2006, état 01.06.2024, art. 21 al. 1-3",https://www.lexfind.ch/tolv/239683/fr,"Lorsque l'employeur occupe un travailleur au moins vingt heures par semaine, il paie le salaire en fonction de la durée des rapports de travail, soit : - trois semaines pendant la première année de service; - deux mois pendant la deuxième année de service; - trois mois de la troisième à la quatrième année de service; - quatre mois de la cinquième à la neuvième année de service; - cinq mois de la …",2026-08-20,verified
sick-pay-table-fr-ctt-bands,"Sick-pay table «fr-ctt» — bands (calendar days per 1-based service year; month = 30, week = 7)","[{""fromYear"":1,""days"":21},{""fromYear"":2,""days"":30},{""fromYear"":3,""days"":60},{""fromYear"":6,""days"":90}]",bands_from_year_days,"Ordonnance établissant un contrat-type de travail pour les travailleurs et travailleuses du service de maison, RSF 222.5.91, du 01.04.2025, en vigueur depuis le 01.05.2025, art. 14 al. 1",https://bdlf.fr.ch/app/fr/texts_of_law/222.5.91,"Si le travailleur ou la travailleuse est empêché-e de travailler au sens de l'article 324a CO, l'employeur ou l'employeuse est tenu-e de verser le salaire dans les limites suivantes: a) trois semaines au cours de la première année de service; b) un mois après une année de service; c) deux mois après deux ans de service; d) trois mois après cinq ans de service; e) un mois supplémentaire après chaq…",2026-08-20,verified
sick-pay-table-fr-ctt-linear,"Sick-pay table «fr-ctt» — linear (calendar days per 1-based service year; month = 30, week = 7)","{""fromYear"":11,""days"":120,""perStepDays"":30,""stepYears"":5,""maxDays"":180}",linear_growth_rule,"Ordonnance établissant un contrat-type de travail pour les travailleurs et travailleuses du service de maison, RSF 222.5.91, du 01.04.2025, en vigueur depuis le 01.05.2025, art. 14 al. 1",https://bdlf.fr.ch/app/fr/texts_of_law/222.5.91,"Si le travailleur ou la travailleuse est empêché-e de travailler au sens de l'article 324a CO, l'employeur ou l'employeuse est tenu-e de verser le salaire dans les limites suivantes: a) trois semaines au cours de la première année de service; b) un mois après une année de service; c) deux mois après deux ans de service; d) trois mois après cinq ans de service; e) un mois supplémentaire après chaq…",2026-08-20,verified
sick-pay-table-ne-ctt-bands,"Sick-pay table «ne-ctt» — bands (calendar days per 1-based service year; month = 30, week = 7)","[{""fromYear"":1,""days"":30},{""fromYear"":2,""days"":60},{""fromYear"":3,""days"":60},{""fromYear"":5,""days"":90},{""fromYear"":10,""days"":120},{""fromYear"":15,""days"":150},{""fromYear"":20,""days"":180}]",bands_from_year_days,"Arrêté relatif au contrat type de travail pour le service de maison et pour les jeunes travailleuses et travailleurs au pair, RSN 225.42, du 03.07.2023, en vigueur le 01.08.2023, art. 15",https://rsn.ne.ch/DATA/program/books/rsne/pdf/22542.pdf,"elle ou il a droit au cours de 12 mois : a) à la totalité du salaire pour un mois d'empêchement pendant la première année de service ; b) à la totalité du salaire pour 2 mois d'empêchement pendant la deuxième année de service ; c) dès la troisième année de service, à une durée plus longue fixée équitablement compte tenu de la durée des rapports de travail et des circonstances particulières.",2026-08-20,verified-basis-inferred
ge-ctt-edom-unqualified-hourly,"Geneva CTT-EDom minimum wage, sans qualification — hourly",24.59,chf_per_hour,"Contrat-type de travail de l'économie domestique (CTT-EDom), rsGE J 1 50.03, art. 10 al. 1 — texte en vigueur au 1er janvier 2026 (silgeneve.ch)",https://silgeneve.ch/legis/data/rsg_j1_50p03.htm,"Les salaires minimaux bruts sont les suivants (salaire mensuel x 12 / salaire mensuel x 13 / salaire horaire) — sans qualification: 4795,05 / 4426,20 / 24,59",2026-09-20,verified
ge-ctt-edom-unqualified-monthly12,"Geneva CTT-EDom minimum wage, sans qualification — monthly x 12",4795.05,chf_per_month,"Contrat-type de travail de l'économie domestique (CTT-EDom), rsGE J 1 50.03, art. 10 al. 1 — texte en vigueur au 1er janvier 2026 (silgeneve.ch)",https://silgeneve.ch/legis/data/rsg_j1_50p03.htm,"Les salaires minimaux bruts sont les suivants (salaire mensuel x 12 / salaire mensuel x 13 / salaire horaire) — sans qualification: 4795,05 / 4426,20 / 24,59",2026-09-20,verified
ge-ctt-edom-unqualified-monthly13,"Geneva CTT-EDom minimum wage, sans qualification — monthly x 13",4426.2,chf_per_month,"Contrat-type de travail de l'économie domestique (CTT-EDom), rsGE J 1 50.03, art. 10 al. 1 — texte en vigueur au 1er janvier 2026 (silgeneve.ch)",https://silgeneve.ch/legis/data/rsg_j1_50p03.htm,"Les salaires minimaux bruts sont les suivants (salaire mensuel x 12 / salaire mensuel x 13 / salaire horaire) — sans qualification: 4795,05 / 4426,20 / 24,59",2026-09-20,verified
ge-ctt-edom-afpOr4Years-hourly,"Geneva CTT-EDom minimum wage, AFP ou 4 ans d'expérience — hourly",24.85,chf_per_hour,"Contrat-type de travail de l'économie domestique (CTT-EDom), rsGE J 1 50.03, art. 10 al. 1 — texte en vigueur au 1er janvier 2026 (silgeneve.ch)",https://silgeneve.ch/legis/data/rsg_j1_50p03.htm,"Les salaires minimaux bruts sont les suivants (salaire mensuel x 12 / salaire mensuel x 13 / salaire horaire) — AFP ou 4 ans d'expérience: 4845,75 / 4473,00 / 24,85",2026-09-20,verified
ge-ctt-edom-afpOr4Years-monthly12,"Geneva CTT-EDom minimum wage, AFP ou 4 ans d'expérience — monthly x 12",4845.75,chf_per_month,"Contrat-type de travail de l'économie domestique (CTT-EDom), rsGE J 1 50.03, art. 10 al. 1 — texte en vigueur au 1er janvier 2026 (silgeneve.ch)",https://silgeneve.ch/legis/data/rsg_j1_50p03.htm,"Les salaires minimaux bruts sont les suivants (salaire mensuel x 12 / salaire mensuel x 13 / salaire horaire) — AFP ou 4 ans d'expérience: 4845,75 / 4473,00 / 24,85",2026-09-20,verified
ge-ctt-edom-afpOr4Years-monthly13,"Geneva CTT-EDom minimum wage, AFP ou 4 ans d'expérience — monthly x 13",4473,chf_per_month,"Contrat-type de travail de l'économie domestique (CTT-EDom), rsGE J 1 50.03, art. 10 al. 1 — texte en vigueur au 1er janvier 2026 (silgeneve.ch)",https://silgeneve.ch/legis/data/rsg_j1_50p03.htm,"Les salaires minimaux bruts sont les suivants (salaire mensuel x 12 / salaire mensuel x 13 / salaire horaire) — AFP ou 4 ans d'expérience: 4845,75 / 4473,00 / 24,85",2026-09-20,verified
ge-ctt-edom-cfc-hourly,"Geneva CTT-EDom minimum wage, CFC (autres que horticulture) — hourly",25.11,chf_per_hour,"Contrat-type de travail de l'économie domestique (CTT-EDom), rsGE J 1 50.03, art. 10 al. 1 — texte en vigueur au 1er janvier 2026 (silgeneve.ch)",https://silgeneve.ch/legis/data/rsg_j1_50p03.htm,"Les salaires minimaux bruts sont les suivants (salaire mensuel x 12 / salaire mensuel x 13 / salaire horaire) — CFC (autres que horticulture): 4896,45 / 4519,80 / 25,11",2026-09-20,verified
ge-ctt-edom-cfc-monthly12,"Geneva CTT-EDom minimum wage, CFC (autres que horticulture) — monthly x 12",4896.45,chf_per_month,"Contrat-type de travail de l'économie domestique (CTT-EDom), rsGE J 1 50.03, art. 10 al. 1 — texte en vigueur au 1er janvier 2026 (silgeneve.ch)",https://silgeneve.ch/legis/data/rsg_j1_50p03.htm,"Les salaires minimaux bruts sont les suivants (salaire mensuel x 12 / salaire mensuel x 13 / salaire horaire) — CFC (autres que horticulture): 4896,45 / 4519,80 / 25,11",2026-09-20,verified
ge-ctt-edom-cfc-monthly13,"Geneva CTT-EDom minimum wage, CFC (autres que horticulture) — monthly x 13",4519.8,chf_per_month,"Contrat-type de travail de l'économie domestique (CTT-EDom), rsGE J 1 50.03, art. 10 al. 1 — texte en vigueur au 1er janvier 2026 (silgeneve.ch)",https://silgeneve.ch/legis/data/rsg_j1_50p03.htm,"Les salaires minimaux bruts sont les suivants (salaire mensuel x 12 / salaire mensuel x 13 / salaire horaire) — CFC (autres que horticulture): 4896,45 / 4519,80 / 25,11",2026-09-20,verified
ge-ctt-edom-horticultureCfc-hourly,"Geneva CTT-EDom minimum wage, CFC horticulture — hourly",26.78,chf_per_hour,"Contrat-type de travail de l'économie domestique (CTT-EDom), rsGE J 1 50.03, art. 10 al. 1 — texte en vigueur au 1er janvier 2026 (silgeneve.ch)",https://silgeneve.ch/legis/data/rsg_j1_50p03.htm,"Les salaires minimaux bruts sont les suivants (salaire mensuel x 12 / salaire mensuel x 13 / salaire horaire) — CFC horticulture: 5222,10 / 4820,40 / 26,78",2026-09-20,verified
ge-ctt-edom-horticultureCfc-monthly12,"Geneva CTT-EDom minimum wage, CFC horticulture — monthly x 12",5222.1,chf_per_month,"Contrat-type de travail de l'économie domestique (CTT-EDom), rsGE J 1 50.03, art. 10 al. 1 — texte en vigueur au 1er janvier 2026 (silgeneve.ch)",https://silgeneve.ch/legis/data/rsg_j1_50p03.htm,"Les salaires minimaux bruts sont les suivants (salaire mensuel x 12 / salaire mensuel x 13 / salaire horaire) — CFC horticulture: 5222,10 / 4820,40 / 26,78",2026-09-20,verified
ge-ctt-edom-horticultureCfc-monthly13,"Geneva CTT-EDom minimum wage, CFC horticulture — monthly x 13",4820.4,chf_per_month,"Contrat-type de travail de l'économie domestique (CTT-EDom), rsGE J 1 50.03, art. 10 al. 1 — texte en vigueur au 1er janvier 2026 (silgeneve.ch)",https://silgeneve.ch/legis/data/rsg_j1_50p03.htm,"Les salaires minimaux bruts sont les suivants (salaire mensuel x 12 / salaire mensuel x 13 / salaire horaire) — CFC horticulture: 5222,10 / 4820,40 / 26,78",2026-09-20,verified
ge-ctt-edom-hours-per-week,Geneva CTT-EDom full-time week behind the monthly minimums,45,hours_per_week,"Contrat-type de travail de l'économie domestique (CTT-EDom), rsGE J 1 50.03, art. 5 al. 1 et art. 10 al. 7 — texte en vigueur au 1er janvier 2026 (silgeneve.ch)",https://silgeneve.ch/legis/data/rsg_j1_50p03.htm,"La durée de la semaine de travail est de 45 heures. Les salaires mensualisés ont été calculés pour une durée hebdomadaire de 45 heures. En cas de travail partiel, le salaire minimum est calculé prorata temporis.",2026-09-20,verified
ge-aupair-ctt-max-weekly-hours,Geneva au pair: maximum working week,30,hours_per_week,"Contrat-type de travail des jeunes gens au pair majeurs (CTT-TPMaj), rsGE J 1 50.12, dernières modifications au 1er janvier 2026 (silgeneve.ch), art. 5 al. 1",https://silgeneve.ch/legis/data/rsg_j1_50p12.htm,La durée du travail ne doit pas excéder 30 heures par semaine.,2026-09-20,verified
ge-aupair-ctt-language-course-hours-per-week,Geneva au pair: minimum French tuition per week,4,hours_per_week,"Contrat-type de travail des jeunes gens au pair majeurs (CTT-TPMaj), rsGE J 1 50.12, dernières modifications au 1er janvier 2026 (silgeneve.ch), art. 6 al. 1",https://silgeneve.ch/legis/data/rsg_j1_50p12.htm,Le travailleur doit suivre un enseignement en français pendant 4 heures au minimum par semaine,2026-09-20,verified
ge-aupair-ctt-hourly,Geneva au pair: minimum hourly wage,24.59,chf_per_hour,"Contrat-type de travail des jeunes gens au pair majeurs (CTT-TPMaj), rsGE J 1 50.12, dernières modifications au 1er janvier 2026 (silgeneve.ch), art. 9 al. 1",https://silgeneve.ch/legis/data/rsg_j1_50p12.htm,"Les salaires minimaux bruts sont les suivants : salaire mensuel x 12 3 196,70 fr. ; salaire mensuel x 13 2 950,80 fr. ; salaire horaire 24,59 fr.",2026-09-20,verified
ge-aupair-ctt-monthly12,Geneva au pair: minimum monthly wage x 12,3196.7,chf_per_month,"Contrat-type de travail des jeunes gens au pair majeurs (CTT-TPMaj), rsGE J 1 50.12, dernières modifications au 1er janvier 2026 (silgeneve.ch), art. 9 al. 1",https://silgeneve.ch/legis/data/rsg_j1_50p12.htm,"Les salaires minimaux bruts sont les suivants : salaire mensuel x 12 3 196,70 fr. ; salaire mensuel x 13 2 950,80 fr. ; salaire horaire 24,59 fr.",2026-09-20,verified
ge-aupair-ctt-monthly13,Geneva au pair: minimum monthly wage x 13,2950.8,chf_per_month,"Contrat-type de travail des jeunes gens au pair majeurs (CTT-TPMaj), rsGE J 1 50.12, dernières modifications au 1er janvier 2026 (silgeneve.ch), art. 9 al. 1",https://silgeneve.ch/legis/data/rsg_j1_50p12.htm,"Les salaires minimaux bruts sont les suivants : salaire mensuel x 12 3 196,70 fr. ; salaire mensuel x 13 2 950,80 fr. ; salaire horaire 24,59 fr.",2026-09-20,verified
ge-aupair-ctt-vacation-under20-weeks,Geneva au pair: vacation until age 20,5,weeks,"Contrat-type de travail des jeunes gens au pair majeurs (CTT-TPMaj), rsGE J 1 50.12, dernières modifications au 1er janvier 2026 (silgeneve.ch), art. 19 al. 1",https://silgeneve.ch/legis/data/rsg_j1_50p12.htm,La durée des vacances annuelles payées obligatoire est de 5 semaines jusqu'à l'âge de 20 ans révolus et de 4 semaines au-delà.,2026-09-20,verified
ge-aupair-ctt-vacation-base-weeks,Geneva au pair: vacation from age 20,4,weeks,"Contrat-type de travail des jeunes gens au pair majeurs (CTT-TPMaj), rsGE J 1 50.12, dernières modifications au 1er janvier 2026 (silgeneve.ch), art. 19 al. 1",https://silgeneve.ch/legis/data/rsg_j1_50p12.htm,La durée des vacances annuelles payées obligatoire est de 5 semaines jusqu'à l'âge de 20 ans révolus et de 4 semaines au-delà.,2026-09-20,verified
ge-aupair-ctt-probation-months,Geneva au pair: probation length,2,months,"Contrat-type de travail des jeunes gens au pair majeurs (CTT-TPMaj), rsGE J 1 50.12, dernières modifications au 1er janvier 2026 (silgeneve.ch), art. 20",https://silgeneve.ch/legis/data/rsg_j1_50p12.htm,"Les 2 premiers mois dès l'entrée en service sont considérés comme temps d'essai, durant lequel chaque partie peut résilier le contrat moyennant un délai de congé de 5 jours civils nets.",2026-09-20,verified
ge-aupair-ctt-probation-notice-days,Geneva au pair: notice during probation,5,days,"Contrat-type de travail des jeunes gens au pair majeurs (CTT-TPMaj), rsGE J 1 50.12, dernières modifications au 1er janvier 2026 (silgeneve.ch), art. 20",https://silgeneve.ch/legis/data/rsg_j1_50p12.htm,"Les 2 premiers mois dès l'entrée en service sont considérés comme temps d'essai, durant lequel chaque partie peut résilier le contrat moyennant un délai de congé de 5 jours civils nets.",2026-09-20,verified
ge-aupair-ctt-notice-months,Geneva au pair: notice after probation,1,months,"Contrat-type de travail des jeunes gens au pair majeurs (CTT-TPMaj), rsGE J 1 50.12, dernières modifications au 1er janvier 2026 (silgeneve.ch), art. 21 al. 1",https://silgeneve.ch/legis/data/rsg_j1_50p12.htm,"Après le temps d'essai, quelle que soit sa durée, le contrat peut être dénoncé de part et d'autre moyennant un délai de congé d'un mois pour la fin d'un mois.",2026-09-20,verified
ge-maternity-weeks,"Geneva paid maternity leave (LAMat), weeks",16,weeks,"Loi instituant une assurance en cas de maternité et d'adoption (LAMat), rsGE J 5 07, art. 5 al. 1",https://silgeneve.ch/legis/data/rsg_j5_07.htm,La mère qui remplit les conditions de la loi fédérale et de la présente loi a droit à une allocation pendant 112 jours,2026-09-20,verified
iv-assistenz-2025-hour-standard,IV Assistenzbeitrag 2025: standard hourly rate,35.3,CHF/hour,"IVV (SR 831.201) Art. 39f Abs. 1, Fassung vom 28. Aug. 2024, in Kraft seit 1. Jan. 2025",https://www.fedlex.admin.ch/eli/cc/1961/29_29_29/de#art_39_f,Der Assistenzbeitrag beträgt 35.30 Franken pro Stunde.,2026-09-23,verified
iv-assistenz-2025-hour-qualified,IV Assistenzbeitrag 2025: hourly rate with besondere Qualifikation,52.95,CHF/hour,"IVV (SR 831.201) Art. 39f Abs. 2, Fassung vom 28. Aug. 2024, in Kraft seit 1. Jan. 2025",https://www.fedlex.admin.ch/eli/cc/1961/29_29_29/de#art_39_f,so beträgt der Assistenzbeitrag 52.95 Franken pro Stunde.,2026-09-23,verified
iv-assistenz-2025-night-level-4,"IV Assistenzbeitrag 2025: night flat rate, level 4 (maximum)",169.1,CHF/night,"IVV (SR 831.201) Art. 39f Abs. 3, Fassung vom 28. Aug. 2024, in Kraft seit 1. Jan. 2025",https://www.fedlex.admin.ch/eli/cc/1961/29_29_29/de#art_39_f,Er beträgt höchstens 169.10 Franken pro Nacht.,2026-09-23,verified
iv-assistenz-2025-night-level-1,"IV Assistenzbeitrag 2025: night flat rate, level 1",58.85,CHF/night,"BSV, Kreisschreiben über den Assistenzbeitrag (KSAB), 318.507.26 d, Stand: 1. Januar 2026, Rz 4116",https://sozialversicherungen.admin.ch/de/d/6394/download,"Braucht die versicherte Person nur punktuell in wenigen Nächten Hilfe, wird die Nacht mit 58.85 CHF entschädigt.",2026-09-23,verified
iv-assistenz-2025-night-level-2,"IV Assistenzbeitrag 2025: night flat rate, level 2",80.5,CHF/night,"BSV, Kreisschreiben über den Assistenzbeitrag (KSAB), 318.507.26 d, Stand: 1. Januar 2026, Rz 4116",https://sozialversicherungen.admin.ch/de/d/6394/download,"Braucht sie mindestens 4mal pro Woche bzw. mindestens 16 Nächte pro Monat Hilfe, wird die Nacht mit 80.50 CHF entschädigt.",2026-09-23,verified
iv-assistenz-2025-night-level-3,"IV Assistenzbeitrag 2025: night flat rate, level 3",122.8,CHF/night,"BSV, Kreisschreiben über den Assistenzbeitrag (KSAB), 318.507.26 d, Stand: 1. Januar 2026, Rz 4116",https://sozialversicherungen.admin.ch/de/d/6394/download,"Braucht die versicherte Person mindestens 1-mal jede Nacht Hilfe, wird die Nacht mit 122.80 CHF entschädigt.",2026-09-23,verified
iv-assistenz-2026-hour-standard,IV Assistenzbeitrag 2026: standard hourly rate,35.3,CHF/hour,"IVV (SR 831.201) Art. 39f Abs. 1, Fassung vom 28. Aug. 2024, in Kraft seit 1. Jan. 2025",https://www.fedlex.admin.ch/eli/cc/1961/29_29_29/de#art_39_f,Der Assistenzbeitrag beträgt 35.30 Franken pro Stunde.,2026-09-23,verified
iv-assistenz-2026-hour-qualified,IV Assistenzbeitrag 2026: hourly rate with besondere Qualifikation,52.95,CHF/hour,"IVV (SR 831.201) Art. 39f Abs. 2, Fassung vom 28. Aug. 2024, in Kraft seit 1. Jan. 2025",https://www.fedlex.admin.ch/eli/cc/1961/29_29_29/de#art_39_f,so beträgt der Assistenzbeitrag 52.95 Franken pro Stunde.,2026-09-23,verified
iv-assistenz-2026-night-level-4,"IV Assistenzbeitrag 2026: night flat rate, level 4 (maximum)",169.1,CHF/night,"IVV (SR 831.201) Art. 39f Abs. 3, Fassung vom 28. Aug. 2024, in Kraft seit 1. Jan. 2025",https://www.fedlex.admin.ch/eli/cc/1961/29_29_29/de#art_39_f,Er beträgt höchstens 169.10 Franken pro Nacht.,2026-09-23,verified
iv-assistenz-2026-night-level-1,"IV Assistenzbeitrag 2026: night flat rate, level 1",58.85,CHF/night,"BSV, Kreisschreiben über den Assistenzbeitrag (KSAB), 318.507.26 d, Stand: 1. Januar 2026, Rz 4116",https://sozialversicherungen.admin.ch/de/d/6394/download,"Braucht die versicherte Person nur punktuell in wenigen Nächten Hilfe, wird die Nacht mit 58.85 CHF entschädigt.",2026-09-23,verified
iv-assistenz-2026-night-level-2,"IV Assistenzbeitrag 2026: night flat rate, level 2",80.5,CHF/night,"BSV, Kreisschreiben über den Assistenzbeitrag (KSAB), 318.507.26 d, Stand: 1. Januar 2026, Rz 4116",https://sozialversicherungen.admin.ch/de/d/6394/download,"Braucht sie mindestens 4mal pro Woche bzw. mindestens 16 Nächte pro Monat Hilfe, wird die Nacht mit 80.50 CHF entschädigt.",2026-09-23,verified
iv-assistenz-2026-night-level-3,"IV Assistenzbeitrag 2026: night flat rate, level 3",122.8,CHF/night,"BSV, Kreisschreiben über den Assistenzbeitrag (KSAB), 318.507.26 d, Stand: 1. Januar 2026, Rz 4116",https://sozialversicherungen.admin.ch/de/d/6394/download,"Braucht die versicherte Person mindestens 1-mal jede Nacht Hilfe, wird die Nacht mit 122.80 CHF entschädigt.",2026-09-23,verified
iv-assistenz-monthly-ceiling-factor,IV Assistenzbeitrag: a month may bill at most 150 % of the monthly amount,1.5,factor,IVV (SR 831.201) Art. 39i Abs. 3,https://www.fedlex.admin.ch/eli/cc/1961/29_29_29/de#art_39_i,"Der monatlich in Rechnung gestellte Betrag darf den Assistenzbeitrag pro Monat um höchstens 50 Prozent überschreiten, solange der Assistenzbeitrag pro Jahr nach Artikel 39 g Absatz 2 nicht überschritten wird.",2026-09-23,verified
iv-assistenz-billing-deadline-months,IV Assistenzbeitrag: an invoice may cover at most the last twelve months,12,months,"Informationsstelle AHV/IV, Merkblatt 4.14 Assistenzbeitrag der IV, Stand am 1. Januar 2025, Ziff. 9",https://www.ahv-iv.ch/p/4.14.d,Sie darf höchstens die Zeitperiode der letzten zwölf Monate betreffen.,2026-09-23,verified
iv-assistenz-shared-night-step,IV Assistenzbeitrag: shared night rate cut per additional insured person,0.1,fraction,"BSV, Kreisschreiben über den Assistenzbeitrag (KSAB), 318.507.26 d, Stand: 1. Januar 2026, Rz 6039.2",https://sozialversicherungen.admin.ch/de/d/6394/download,"In diesem Fall wird die Nachtpauschale der versicherten Personen jeweils um 10 % gekürzt, wenn sich zwei versicherte Personen die gleiche Assistenzperson teilen, und um weitere 10 % für jede zusätzliche versicherte Person mit der gleichen Assistenzperson.",2026-09-23,verified
iv-assistenz-shared-night-max,IV Assistenzbeitrag: maximum shared night cut,0.4,fraction,"BSV, Kreisschreiben über den Assistenzbeitrag (KSAB), 318.507.26 d, Stand: 1. Januar 2026, Rz 6039.2",https://sozialversicherungen.admin.ch/de/d/6394/download,Der Maximalabzug beträgt jedoch 40 %.,2026-09-23,verified
iv-assistenz-night-hours-level-1,IV Assistenzbeitrag: one unused night of level 1 in day hours,1.67,hours,"BSV, Kreisschreiben über den Assistenzbeitrag (KSAB), 318.507.26 d, Stand: 1. Januar 2026, Rz 4077.1",https://sozialversicherungen.admin.ch/de/d/6394/download,Eine Nacht in Stufe 1 entspricht 1.67 Stunden,2026-09-23,verified
iv-assistenz-night-hours-level-2,IV Assistenzbeitrag: one unused night of level 2 in day hours,2.28,hours,"BSV, Kreisschreiben über den Assistenzbeitrag (KSAB), 318.507.26 d, Stand: 1. Januar 2026, Rz 4077.1",https://sozialversicherungen.admin.ch/de/d/6394/download,Eine Nacht in Stufe 2 entspricht 2.28 Stunden,2026-09-23,verified
iv-assistenz-night-hours-level-3,IV Assistenzbeitrag: one unused night of level 3 in day hours,3.48,hours,"BSV, Kreisschreiben über den Assistenzbeitrag (KSAB), 318.507.26 d, Stand: 1. Januar 2026, Rz 4077.1",https://sozialversicherungen.admin.ch/de/d/6394/download,Eine Nacht in Stufe 3 entspricht 3.48 Stunden,2026-09-23,verified
iv-assistenz-night-hours-level-4,IV Assistenzbeitrag: one unused night of level 4 in day hours,4.79,hours,"BSV, Kreisschreiben über den Assistenzbeitrag (KSAB), 318.507.26 d, Stand: 1. Januar 2026, Rz 4077.1",https://sozialversicherungen.admin.ch/de/d/6394/download,Eine Nacht in Stufe 4 entspricht 4.79 Stunden,2026-09-23,verified
